{
  "project_info": {
    "project_number": "857899462016",
    "project_id": "masar-ncua6z",
    "storage_bucket": "masar-ncua6z.appspot.com"
  },
  "client": [
    {
      "client_info": {
        "mobilesdk_app_id": "1:857899462016:android:ea3d4b039290906b78e565",
        "android_client_info": {
          "package_name": "com.mycompany.masar"
        }
      },
      "oauth_client": [],
      "api_key": [
        {
          "current_key": "AIzaSyDp8Ny5vVoXgC5OIgiGEueyv0Dbmwu9oCo"
        }
      ],
      "services": {
        "appinvite_service": {
          "other_platform_oauth_client": []
        }
      }
    }
  ],
  "configuration_version": "1"
}