{
  "indexes": [
    {
      "collectionGroup": "colleges",
      "queryScope": "COLLECTION",
      "fields": [
        {
          "fieldPath": "uniname",
          "order": "ASCENDING"
        },
        {
          "fieldPath": "CollegeName",
          "order": "ASCENDING"
        }
      ]
    },
    {
      "collectionGroup": "Mentor",
      "queryScope": "COLLECTION",
      "fields": [
        {
          "fieldPath": "UniversityName",
          "order": "ASCENDING"
        },
        {
          "fieldPath": "status",
          "order": "ASCENDING"
        },
        {
          "fieldPath": "firstName",
          "order": "ASCENDING"
        }
      ]
    },
    {
      "collectionGroup": "Majors",
      "queryScope": "COLLECTION",
      "fields": [
        {
          "fieldPath": "College",
          "order": "ASCENDING"
        },
        {
          "fieldPath": "MajorName",
          "order": "ASCENDING"
        }
      ]
    },
    {
      "collectionGroup": "chatsStudentMentor",
      "queryScope": "COLLECTION",
      "fields": [
        {
          "fieldPath": "userlds",
          "arrayConfig": "CONTAINS"
        },
        {
          "fieldPath": "timeStamp",
          "order": "DESCENDING"
        }
      ]
    },
    {
      "collectionGroup": "University",
      "queryScope": "COLLECTION",
      "fields": [
        {
          "fieldPath": "Status",
          "order": "ASCENDING"
        },
        {
          "fieldPath": "UniName",
          "order": "ASCENDING"
        }
      ]
    },
    {
      "collectionGroup": "Mentor",
      "queryScope": "COLLECTION",
      "fields": [
        {
          "fieldPath": "status",
          "order": "ASCENDING"
        },
        {
          "fieldPath": "firstName",
          "order": "ASCENDING"
        }
      ]
    },
    {
      "collectionGroup": "registrationDates",
      "queryScope": "COLLECTION",
      "fields": [
        {
          "fieldPath": "UniversityName",
          "order": "ASCENDING"
        },
        {
          "fieldPath": "startTime",
          "order": "ASCENDING"
        }
      ]
    },
    {
      "collectionGroup": "registrationDates",
      "queryScope": "COLLECTION",
      "fields": [
        {
          "fieldPath": "UniversityName",
          "order": "ASCENDING"
        },
        {
          "fieldPath": "endTime",
          "order": "ASCENDING"
        }
      ]
    },
    {
      "collectionGroup": "chats",
      "queryScope": "COLLECTION",
      "fields": [
        {
          "fieldPath": "user_stu",
          "order": "ASCENDING"
        },
        {
          "fieldPath": "last_mes_time",
          "order": "DESCENDING"
        }
      ]
    }
  ],
  "fieldOverrides": [
    {
      "collectionGroup": "fcm_tokens",
      "fieldPath": "fcm_token",
      "indexes": [
        {
          "order": "ASCENDING",
          "queryScope": "COLLECTION_GROUP"
        }
      ]
    }
  ]
}